{"cameraMode":{"drawMode":0,"name":"Shaded","section":"Shading Mode"},"sceneLighting":true,"audioPlay":false,"sceneViewState":{"showFog":true,"showMaterialUpdate":true,"showSkybox":true,"showFlares":true,"showImageEffects":true,"showParticleSystems":true},"in2DMode":false,"pivot":{"x":-0.18526768684387208,"y":1.5628857612609864,"z":0.18960528075695039},"rotation":{"x":-0.03948622941970825,"y":0.9590253829956055,"z":0.1697654277086258,"w":0.22336269915103913},"size":2.8578836917877199,"orthographic":false}